[
  {"model": "accounts.user", "pk": 1, "fields": {"password": "pbkdf2_sha256$600000$dummy$dummyhash", "email": "admin@example.com", "role": "admin", "is_superuser": true, "is_staff": true, "is_active": true}},
  {"model": "accounts.clientprofile", "pk": 1, "fields": {"user": 1, "bio": "Admin user.", "profile_pic": "", "social_links": {}}},
  
  {"model": "accounts.user", "pk": 2, "fields": {"password": "pbkdf2_sha256$600000$dummy$dummyhash", "email": "client1@example.com", "role": "client", "is_superuser": false, "is_staff": false, "is_active": true}},
  {"model": "accounts.clientprofile", "pk": 2, "fields": {"user": 2, "bio": "Client 1.", "profile_pic": "", "social_links": {}}},
  {"model": "accounts.user", "pk": 3, "fields": {"password": "pbkdf2_sha256$600000$dummy$dummyhash", "email": "client2@example.com", "role": "client", "is_superuser": false, "is_staff": false, "is_active": true}},
  {"model": "accounts.clientprofile", "pk": 3, "fields": {"user": 3, "bio": "Client 2.", "profile_pic": "", "social_links": {}}},
  {"model": "accounts.user", "pk": 4, "fields": {"password": "pbkdf2_sha256$600000$dummy$dummyhash", "email": "client3@example.com", "role": "client", "is_superuser": false, "is_staff": false, "is_active": true}},
  {"model": "accounts.clientprofile", "pk": 4, "fields": {"user": 4, "bio": "Client 3.", "profile_pic": "", "social_links": {}}},
  {"model": "accounts.user", "pk": 5, "fields": {"password": "pbkdf2_sha256$600000$dummy$dummyhash", "email": "client4@example.com", "role": "client", "is_superuser": false, "is_staff": false, "is_active": true}},
  {"model": "accounts.clientprofile", "pk": 5, "fields": {"user": 5, "bio": "Client 4.", "profile_pic": "", "social_links": {}}},
  {"model": "accounts.user", "pk": 6, "fields": {"password": "pbkdf2_sha256$600000$dummy$dummyhash", "email": "client5@example.com", "role": "client", "is_superuser": false, "is_staff": false, "is_active": true}},
  {"model": "accounts.clientprofile", "pk": 6, "fields": {"user": 6, "bio": "Client 5.", "profile_pic": "", "social_links": {}}},
  {"model": "accounts.user", "pk": 7, "fields": {"password": "pbkdf2_sha256$600000$dummy$dummyhash", "email": "client6@example.com", "role": "client", "is_superuser": false, "is_staff": false, "is_active": true}},
  {"model": "accounts.clientprofile", "pk": 7, "fields": {"user": 7, "bio": "Client 6.", "profile_pic": "", "social_links": {}}},
  {"model": "accounts.user", "pk": 8, "fields": {"password": "pbkdf2_sha256$600000$dummy$dummyhash", "email": "client7@example.com", "role": "client", "is_superuser": false, "is_staff": false, "is_active": true}},
  {"model": "accounts.clientprofile", "pk": 8, "fields": {"user": 8, "bio": "Client 7.", "profile_pic": "", "social_links": {}}},
  {"model": "accounts.user", "pk": 9, "fields": {"password": "pbkdf2_sha256$600000$dummy$dummyhash", "email": "client8@example.com", "role": "client", "is_superuser": false, "is_staff": false, "is_active": true}},
  {"model": "accounts.clientprofile", "pk": 9, "fields": {"user": 9, "bio": "Client 8.", "profile_pic": "", "social_links": {}}},
  {"model": "accounts.user", "pk": 10, "fields": {"password": "pbkdf2_sha256$600000$dummy$dummyhash", "email": "client9@example.com", "role": "client", "is_superuser": false, "is_staff": false, "is_active": true}},
  {"model": "accounts.clientprofile", "pk": 10, "fields": {"user": 10, "bio": "Client 9.", "profile_pic": "", "social_links": {}}},

  {"model": "services.service", "pk": 1, "fields": {"name": "House Shifting", "description": "Professional house shifting service.", "price": "5000.00", "avg_rating": 4.5}},
  {"model": "services.service", "pk": 2, "fields": {"name": "Home Cleaning", "description": "Deep cleaning for your home.", "price": "2000.00", "avg_rating": 4.0}},
  {"model": "services.service", "pk": 3, "fields": {"name": "Plumbing", "description": "Expert plumbing services.", "price": "1500.00", "avg_rating": 4.2}},
  {"model": "services.service", "pk": 4, "fields": {"name": "Electrical Repair", "description": "Certified electrical repair.", "price": "1800.00", "avg_rating": 4.3}},
  {"model": "services.service", "pk": 5, "fields": {"name": "Painting", "description": "Professional painting.", "price": "3000.00", "avg_rating": 4.1}},
  {"model": "services.service", "pk": 6, "fields": {"name": "Pest Control", "description": "Safe pest control.", "price": "1200.00", "avg_rating": 4.0}},
  {"model": "services.service", "pk": 7, "fields": {"name": "Carpet Cleaning", "description": "Deep carpet cleaning.", "price": "900.00", "avg_rating": 3.9}},
  {"model": "services.service", "pk": 8, "fields": {"name": "Gardening", "description": "Garden maintenance.", "price": "1100.00", "avg_rating": 4.4}},
  {"model": "services.service", "pk": 9, "fields": {"name": "AC Repair", "description": "Air conditioner repair.", "price": "2500.00", "avg_rating": 4.2}},
  {"model": "services.service", "pk": 10, "fields": {"name": "Furniture Assembly", "description": "Furniture assembly service.", "price": "800.00", "avg_rating": 4.3}},

  {"model": "services.review", "pk": 1, "fields": {"service": 1, "client": 2, "rating": 5, "comment": "Excellent!", "created_at": "2026-02-23T10:00:00Z", "updated_at": "2026-02-23T10:00:00Z"}},
  {"model": "services.review", "pk": 2, "fields": {"service": 2, "client": 3, "rating": 4, "comment": "Good job.", "created_at": "2026-02-23T10:10:00Z", "updated_at": "2026-02-23T10:10:00Z"}},
  {"model": "services.review", "pk": 3, "fields": {"service": 3, "client": 4, "rating": 5, "comment": "Very satisfied.", "created_at": "2026-02-23T10:20:00Z", "updated_at": "2026-02-23T10:20:00Z"}},
  {"model": "services.review", "pk": 4, "fields": {"service": 4, "client": 5, "rating": 3, "comment": "Average.", "created_at": "2026-02-23T10:30:00Z", "updated_at": "2026-02-23T10:30:00Z"}},
  {"model": "services.review", "pk": 5, "fields": {"service": 5, "client": 6, "rating": 4, "comment": "Nice work.", "created_at": "2026-02-23T10:40:00Z", "updated_at": "2026-02-23T10:40:00Z"}},
  {"model": "services.review", "pk": 6, "fields": {"service": 6, "client": 7, "rating": 5, "comment": "Perfect!", "created_at": "2026-02-23T10:50:00Z", "updated_at": "2026-02-23T10:50:00Z"}},
  {"model": "services.review", "pk": 7, "fields": {"service": 7, "client": 8, "rating": 4, "comment": "Clean and quick.", "created_at": "2026-02-23T11:00:00Z", "updated_at": "2026-02-23T11:00:00Z"}},
  {"model": "services.review", "pk": 8, "fields": {"service": 8, "client": 9, "rating": 5, "comment": "Loved it!", "created_at": "2026-02-23T11:10:00Z", "updated_at": "2026-02-23T11:10:00Z"}},
  {"model": "services.review", "pk": 9, "fields": {"service": 9, "client": 10, "rating": 4, "comment": "Good.", "created_at": "2026-02-23T11:20:00Z", "updated_at": "2026-02-23T11:20:00Z"}},
  {"model": "services.review", "pk": 10, "fields": {"service": 10, "client": 2, "rating": 5, "comment": "Awesome!", "created_at": "2026-02-23T11:30:00Z", "updated_at": "2026-02-23T11:30:00Z"}},

  {"model": "orders.cart", "pk": 1, "fields": {"client": 2, "created_at": "2026-02-23T09:00:00Z"}},
  {"model": "orders.cartitem", "pk": 1, "fields": {"cart": 1, "service": 2, "quantity": 1}},
  {"model": "orders.cart", "pk": 2, "fields": {"client": 3, "created_at": "2026-02-23T09:10:00Z"}},
  {"model": "orders.cartitem", "pk": 2, "fields": {"cart": 2, "service": 3, "quantity": 2}},
  {"model": "orders.cart", "pk": 3, "fields": {"client": 4, "created_at": "2026-02-23T09:20:00Z"}},
  {"model": "orders.cartitem", "pk": 3, "fields": {"cart": 3, "service": 4, "quantity": 1}},
  {"model": "orders.cart", "pk": 4, "fields": {"client": 5, "created_at": "2026-02-23T09:30:00Z"}},
  {"model": "orders.cartitem", "pk": 4, "fields": {"cart": 4, "service": 5, "quantity": 3}},
  {"model": "orders.cart", "pk": 5, "fields": {"client": 6, "created_at": "2026-02-23T09:40:00Z"}},
  {"model": "orders.cartitem", "pk": 5, "fields": {"cart": 5, "service": 6, "quantity": 1}},
  {"model": "orders.cart", "pk": 6, "fields": {"client": 7, "created_at": "2026-02-23T09:50:00Z"}},
  {"model": "orders.cartitem", "pk": 6, "fields": {"cart": 6, "service": 7, "quantity": 2}},
  {"model": "orders.cart", "pk": 7, "fields": {"client": 8, "created_at": "2026-02-23T10:00:00Z"}},
  {"model": "orders.cartitem", "pk": 7, "fields": {"cart": 7, "service": 8, "quantity": 1}},
  {"model": "orders.cart", "pk": 8, "fields": {"client": 9, "created_at": "2026-02-23T10:10:00Z"}},
  {"model": "orders.cartitem", "pk": 8, "fields": {"cart": 8, "service": 9, "quantity": 1}},
  {"model": "orders.cart", "pk": 9, "fields": {"client": 10, "created_at": "2026-02-23T10:20:00Z"}},
  {"model": "orders.cartitem", "pk": 9, "fields": {"cart": 9, "service": 10, "quantity": 2}},

  {"model": "orders.order", "pk": 1, "fields": {"client": 2, "status": "completed", "created_at": "2026-02-22T15:00:00Z"}},
  {"model": "orders.orderitem", "pk": 1, "fields": {"order": 1, "service": 1, "quantity": 1, "price": "5000.00"}},
  {"model": "orders.order", "pk": 2, "fields": {"client": 3, "status": "completed", "created_at": "2026-02-22T15:10:00Z"}},
  {"model": "orders.orderitem", "pk": 2, "fields": {"order": 2, "service": 2, "quantity": 2, "price": "2000.00"}},
  {"model": "orders.order", "pk": 3, "fields": {"client": 4, "status": "pending", "created_at": "2026-02-22T15:20:00Z"}},
  {"model": "orders.orderitem", "pk": 3, "fields": {"order": 3, "service": 3, "quantity": 1, "price": "1500.00"}},
  {"model": "orders.order", "pk": 4, "fields": {"client": 5, "status": "completed", "created_at": "2026-02-22T15:30:00Z"}},
  {"model": "orders.orderitem", "pk": 4, "fields": {"order": 4, "service": 4, "quantity": 3, "price": "1800.00"}},
  {"model": "orders.order", "pk": 5, "fields": {"client": 6, "status": "pending", "created_at": "2026-02-22T15:40:00Z"}},
  {"model": "orders.orderitem", "pk": 5, "fields": {"order": 5, "service": 5, "quantity": 1, "price": "3000.00"}},
  {"model": "orders.order", "pk": 6, "fields": {"client": 7, "status": "completed", "created_at": "2026-02-22T15:50:00Z"}},
  {"model": "orders.orderitem", "pk": 6, "fields": {"order": 6, "service": 6, "quantity": 2, "price": "1200.00"}},
  {"model": "orders.order", "pk": 7, "fields": {"client": 8, "status": "pending", "created_at": "2026-02-22T16:00:00Z"}},
  {"model": "orders.orderitem", "pk": 7, "fields": {"order": 7, "service": 7, "quantity": 1, "price": "900.00"}},
  {"model": "orders.order", "pk": 8, "fields": {"client": 9, "status": "completed", "created_at": "2026-02-22T16:10:00Z"}},
  {"model": "orders.orderitem", "pk": 8, "fields": {"order": 8, "service": 8, "quantity": 1, "price": "1100.00"}},
  {"model": "orders.order", "pk": 9, "fields": {"client": 10, "status": "pending", "created_at": "2026-02-22T16:20:00Z"}},
  {"model": "orders.orderitem", "pk": 9, "fields": {"order": 9, "service": 9, "quantity": 2, "price": "2500.00"}},
  {"model": "orders.order", "pk": 10, "fields": {"client": 2, "status": "completed", "created_at": "2026-02-22T16:30:00Z"}},
  {"model": "orders.orderitem", "pk": 10, "fields": {"order": 10, "service": 10, "quantity": 1, "price": "800.00"}}
]
